Designator,Mid X,Mid Y,Layer,Rotation
BTN.SW.3,175.5011mm,-85.9036mm,Top,270
BTN.SW.4,162.5011mm,-84.9036mm,Top,270
BTN.SW.6,174.5011mm,-131.2036mm,Top,90
BTN.SW.8,122.5011mm,-131.2036mm,Top,90
LBS.SW.1,121.5011mm,-85.9036mm,Top,270
LBS.SW.2,134.5011mm,-84.9036mm,Top,270
MCU.C.1,131.9011mm,-99.5036mm,Top,270
MCU.C.2,144.2011mm,-91.2036mm,Top,180
MCU.C.3,146.5011mm,-104.2036mm,Top,270
MCU.C.4,152.3011mm,-103.9036mm,Top,0
MCU.C.5,158.5011mm,-95.9036mm,Top,90
MCU.C.6,152.5011mm,-91.2036mm,Top,90
MCU.C.7,142.1011mm,-97.2036mm,Top,180
MCU.C.8,144.2011mm,-93.2036mm,Top,180
MCU.C.9,159.3011mm,-102.6036mm,Top,0
MCU.C.19,162.3011mm,-100.0036mm,Top,90
MCU.C.21,142.1011mm,-95.2036mm,Top,180
MCU.C.22,156.5011mm,-95.9036mm,Top,90
MCU.C.24,141.0011mm,-99.2036mm,Top,180
MCU.R.1,129.9011mm,-103.8036mm,Top,90
MCU.R.2,131.9011mm,-103.8036mm,Top,90
MCU.R.11,161.5011mm,-97.3036mm,Top,180
MCU.R.17,161.5011mm,-94.8036mm,Top,0
MCU.U.1,136.0011mm,-101.7036mm,Top,0
MCU.U.5,149.8011mm,-98.1036mm,Top,90
MCU.Y.1,159.4011mm,-100.0036mm,Top,0
MOS.C.10,140.1011mm,-117.1036mm,Top,180
MOS.C.11,140.1011mm,-119.2036mm,Top,180
MOS.R.3,158.4011mm,-117.9036mm,Top,90
MOS.R.4,156.3011mm,-117.9036mm,Top,270
MOS.R.5,157.0011mm,-113.7036mm,Top,180
MOS.U.2,148.5171mm,-114.9411mm,Bottom,270
REG.C.12,142.7011mm,-86.4036mm,Top,90
REG.C.13,139.4011mm,-90.9036mm,Top,0
REG.C.14,139.4011mm,-88.9036mm,Top,0
REG.C.15,139.4011mm,-83.0036mm,Top,0
REG.C.16,136.1011mm,-109.1036mm,Top,180
REG.C.17,136.1011mm,-117.5036mm,Top,180
REG.C.18,136.1011mm,-115.5036mm,Top,180
REG.U.3,139.7011mm,-86.1036mm,Top,0
REG.U.4,136.1011mm,-112.6036mm,Top,180
USB.FB.1,145.3011mm,-86.4036mm,Top,90
USB.FB.2,153.2011mm,-85.3036mm,Top,180
USB.FB.3,149.0011mm,-88.9036mm,Top,0
USB.J.3,148.5011mm,-74.6911mm,Top,180
USB.R.6,153.1987mm,-87.3036mm,Top,0
USB.R.7,149.0011mm,-91.0036mm,Top,180
USB.R.13,141.0011mm,-78.7036mm,Top,180
USB.R.15,156.1011mm,-78.7036mm,Top,0
USB.Z.1,148.5011mm,-85.9036mm,Top,180
