Comment,Designator,Footprint,LCSC Part #
100nF 100V X7R,"MCU.C.1,MCU.C.3,MCU.C.4,MCU.C.5,MCU.C.6,MCU.C.7,MCU.C.8,MCU.C.22,MCU.C.24,MOS.C.11",0805,C28233
18pF 50V C0G,"MCU.C.9,MCU.C.19",0603,C1647
1uF 25V X5R,"MCU.C.2,MCU.C.21,REG.C.12,REG.C.14,REG.C.16,REG.C.18",0805,C28323
1k 1%,"MCU.R.1,MCU.R.11,MCU.R.17",0805,C17513
10k 1%,"MCU.R.2,MOS.R.5",0805,C17414
W25Q16JVSSIQ,MCU.U.1,W25Q128JVS,C82317
RP2040,MCU.U.5,RP2040,C2040
12MHz 20pF 3225 X322512MSB4SI,MCU.Y.1,RH100-12.000-16-3030,C9002
10uF 25V X5R,"MOS.C.10,REG.C.13,REG.C.17",0805,C15850
100pF 100V C0G,REG.C.15,0805,C1790
AP2202K-3.3TRG1,REG.U.3,AP2202,C150442
AP2112K-1.8TRG1,REG.U.4,AP2202,C176944
Ferrite 600R@100MHz,"USB.FB.1,USB.FB.2,USB.FB.3",0805,C1017
DX07S016JA1R1500,USB.J.3,DX07S016JA1R1500,C3197885
22R 1%,"MOS.R.3,MOS.R.4,USB.R.6,USB.R.7",0805,C17561
5.1k 1%,"USB.R.13,USB.R.15",0805,C27834
SRV05-4 Leiditech,USB.Z.1,PESD3V3S4UD,C384887
D2LS-21,"BTN.SW.3,BTN.SW.4,BTN.SW.6,BTN.SW.8,LBS.SW.1,LBS.SW.2",D2LS-21,
PMW3360DM-T2QU,MOS.U.2,PMW3360DM-T2QU,
